"product_id","product_title"
"B00L9ZF5BY","Flylinktech Action Camera Battery Charger with USB Cable 3.7V Battery Charger Holder for Action Camera SJCAM YI WiMiUS"
"B00017LSF8","B+W Clear UV Haze with Multi-Resistant Coating (010M)"
"B00CGTN2N0","Queen Spy Mini U8 USB Disk HD Hidden Spy Camera 720x480 Motion Detector Video Recorder USA"
"B002POMZWU","Usb cable for kodak easyshare easy share digital camera"
"B00FEY2BCW","Camera Case Evecase Digital SLR / DSLR Professional Camera Shoulder Holster Bag For Compact system, Hybrid, Mirrorless, Micro 4/3 and High Zoom Camera"
"B0131XNIDS","*5-pack* microSuede Pro Microfiber Cleaning Cloth for Cleaning Glasses, Camera Lenses, Phones, Tablets, Screens"
"B004OUMTT2","Celestron PowerSeeker Accessory Kit Telescope"
"B004HY3XOA","58MM UV Lens Filter for Canon T2i"
"B00LBFKLRU","(Create a generic Title per Amazons guidelines)"
"B007QXZ6D0","Vello Cinch Strap for Portable Flashes"
"B00PG36JTW","Tamrac TEK Fitted Case for Canon PowerShot G7X and G9X"
"B003JNJDGM","TTL Off Camera Shoe Cord for Canon SL1 T5 T3 T6s T6i T5i T4i T3i T2i T1i XS 60D 70D 7D 6D 5D Mark II 5D Mark III Cameras W/ Any Canon 600EX RT 600EX 580EX I II 430EX I II 320EX 270EX 220EX Flash"
"B00ZYATKCA","Olympus Air Mirrorless Camera"
"B00S2X48IW","Qkoo Selfie Handheld Extendable Stick Pole Monopod + Mini Tripod + Phone Holder Mount Kit Set for Apple iPhone 6 Plus 5 6 5s 5c 4 4s Samsung Galaxy S5 S4 S3 Note 4 3 2 Blackberry Sony Xperia HTC One LG PS2"
"B00VQJASPG","Canon SL1 Bundle"
"B00554PCDG","Pixel Flash Hot Shoe Adapter"
"B00006JPWW","Panasonic AY-DVMCLWW digital video head cleaner"
"B00B9Z23NM","Nikon 8250 ACULON A211 16x50 Binocular (Black)"
"B00GOJ7JGY","Fotasy HET63 Lens Hood and Cleaning Cloth for Canon EF-S 55-250mm f/4-5.6 IS STM Lens (Black)"
"B00IUU22WG","White Photography Background 81.5"" X 62.4"" Photo Non Woven Backdrop"
